{"cameraMode":{"drawMode":0,"name":"Shaded","section":"Shading Mode"},"sceneLighting":true,"audioPlay":false,"sceneViewState":{"showFog":true,"showMaterialUpdate":true,"showSkybox":true,"showFlares":true,"showImageEffects":true,"showParticleSystems":true},"in2DMode":false,"pivot":{"x":-3.9411630630493166,"y":2.471871852874756,"z":5.729992866516113},"rotation":{"x":-0.009188948199152947,"y":0.1603945791721344,"z":-0.00149308773688972,"w":-0.9870092272758484},"size":12.338250160217286,"orthographic":false}