{"cameraMode":{"drawMode":0,"name":"Shaded","section":"Shading Mode"},"sceneLighting":false,"audioPlay":false,"sceneViewState":{"showFog":true,"showMaterialUpdate":true,"showSkybox":true,"showFlares":true,"showImageEffects":true,"showParticleSystems":true},"in2DMode":false,"pivot":{"x":0.09344673156738281,"y":1.4115225076675416,"z":-0.0007423162460327148},"rotation":{"x":-0.04856635630130768,"y":0.9458622932434082,"z":-0.27341851592063906,"w":-0.1680125743150711},"size":10.143098831176758,"orthographic":false}