{"cameraMode":{"drawMode":0,"name":"Shaded","section":"Shading Mode"},"sceneLighting":false,"audioPlay":false,"sceneViewState":{"showFog":true,"showMaterialUpdate":true,"showSkybox":true,"showFlares":true,"showImageEffects":true,"showParticleSystems":true},"in2DMode":false,"pivot":{"x":15.662899017333985,"y":-227.13746643066407,"z":-299.1890563964844},"rotation":{"x":0.008081491105258465,"y":0.9469028115272522,"z":-0.32053080201148989,"w":0.023870356380939485},"size":385.08135986328127,"orthographic":false}